"LOCATION","INDICATOR","SUBJECT","MEASURE","FREQUENCY","TIME","Value","Flag Codes"
"JPN","CPI","TOT","IDX2015","M","2000-01",99.1601,
"JPN","CPI","TOT","IDX2015","M","2000-02",98.85467,
"JPN","CPI","TOT","IDX2015","M","2000-03",99.05828,
"JPN","CPI","TOT","IDX2015","M","2000-04",99.2619,
"JPN","CPI","TOT","IDX2015","M","2000-05",99.36371,
"JPN","CPI","TOT","IDX2015","M","2000-06",99.1601,
"JPN","CPI","TOT","IDX2015","M","2000-07",98.85467,
"JPN","CPI","TOT","IDX2015","M","2000-08",99.1601,
"JPN","CPI","TOT","IDX2015","M","2000-09",99.05828,
"JPN","CPI","TOT","IDX2015","M","2000-10",99.05828,
"JPN","CPI","TOT","IDX2015","M","2000-11",98.75286,
"JPN","CPI","TOT","IDX2015","M","2000-12",98.85467,
"JPN","CPI","TOT","IDX2015","M","2001-01",98.85467,
"JPN","CPI","TOT","IDX2015","M","2001-02",98.54925,
"JPN","CPI","TOT","IDX2015","M","2001-03",98.44744,
"JPN","CPI","TOT","IDX2015","M","2001-04",98.54925,
"JPN","CPI","TOT","IDX2015","M","2001-05",98.65105,
"JPN","CPI","TOT","IDX2015","M","2001-06",98.44744,
"JPN","CPI","TOT","IDX2015","M","2001-07",98.14202,
"JPN","CPI","TOT","IDX2015","M","2001-08",98.44744,
"JPN","CPI","TOT","IDX2015","M","2001-09",98.34563,
"JPN","CPI","TOT","IDX2015","M","2001-10",98.34563,
"JPN","CPI","TOT","IDX2015","M","2001-11",97.8366,
"JPN","CPI","TOT","IDX2015","M","2001-12",97.73479,
"JPN","CPI","TOT","IDX2015","M","2002-01",97.53118,
"JPN","CPI","TOT","IDX2015","M","2002-02",97.02214,
"JPN","CPI","TOT","IDX2015","M","2002-03",97.22575,
"JPN","CPI","TOT","IDX2015","M","2002-04",97.53118,
"JPN","CPI","TOT","IDX2015","M","2002-05",97.8366,
"JPN","CPI","TOT","IDX2015","M","2002-06",97.73479,
"JPN","CPI","TOT","IDX2015","M","2002-07",97.32757,
"JPN","CPI","TOT","IDX2015","M","2002-08",97.63299,
"JPN","CPI","TOT","IDX2015","M","2002-09",97.63299,
"JPN","CPI","TOT","IDX2015","M","2002-10",97.42937,
"JPN","CPI","TOT","IDX2015","M","2002-11",97.42937,
"JPN","CPI","TOT","IDX2015","M","2002-12",97.42937,
"JPN","CPI","TOT","IDX2015","M","2003-01",97.12395,
"JPN","CPI","TOT","IDX2015","M","2003-02",96.81853,
"JPN","CPI","TOT","IDX2015","M","2003-03",97.12395,
"JPN","CPI","TOT","IDX2015","M","2003-04",97.42937,
"JPN","CPI","TOT","IDX2015","M","2003-05",97.63299,
"JPN","CPI","TOT","IDX2015","M","2003-06",97.32757,
"JPN","CPI","TOT","IDX2015","M","2003-07",97.12395,
"JPN","CPI","TOT","IDX2015","M","2003-08",97.32757,
"JPN","CPI","TOT","IDX2015","M","2003-09",97.42937,
"JPN","CPI","TOT","IDX2015","M","2003-10",97.42937,
"JPN","CPI","TOT","IDX2015","M","2003-11",96.92033,
"JPN","CPI","TOT","IDX2015","M","2003-12",97.02214,
"JPN","CPI","TOT","IDX2015","M","2004-01",96.81853,
"JPN","CPI","TOT","IDX2015","M","2004-02",96.81853,
"JPN","CPI","TOT","IDX2015","M","2004-03",97.02214,
"JPN","CPI","TOT","IDX2015","M","2004-04",97.02214,
"JPN","CPI","TOT","IDX2015","M","2004-05",97.12395,
"JPN","CPI","TOT","IDX2015","M","2004-06",97.32757,
"JPN","CPI","TOT","IDX2015","M","2004-07",97.02214,
"JPN","CPI","TOT","IDX2015","M","2004-08",97.12395,
"JPN","CPI","TOT","IDX2015","M","2004-09",97.42937,
"JPN","CPI","TOT","IDX2015","M","2004-10",97.93841,
"JPN","CPI","TOT","IDX2015","M","2004-11",97.73479,
"JPN","CPI","TOT","IDX2015","M","2004-12",97.22575,
"JPN","CPI","TOT","IDX2015","M","2005-01",97.02214,
"JPN","CPI","TOT","IDX2015","M","2005-02",96.71672,
"JPN","CPI","TOT","IDX2015","M","2005-03",97.02214,
"JPN","CPI","TOT","IDX2015","M","2005-04",97.12395,
"JPN","CPI","TOT","IDX2015","M","2005-05",97.22575,
"JPN","CPI","TOT","IDX2015","M","2005-06",96.81853,
"JPN","CPI","TOT","IDX2015","M","2005-07",96.71672,
"JPN","CPI","TOT","IDX2015","M","2005-08",96.81853,
"JPN","CPI","TOT","IDX2015","M","2005-09",97.12395,
"JPN","CPI","TOT","IDX2015","M","2005-10",97.12395,
"JPN","CPI","TOT","IDX2015","M","2005-11",96.71672,
"JPN","CPI","TOT","IDX2015","M","2005-12",96.81853,
"JPN","CPI","TOT","IDX2015","M","2006-01",96.92033,
"JPN","CPI","TOT","IDX2015","M","2006-02",96.61491,
"JPN","CPI","TOT","IDX2015","M","2006-03",96.81853,
"JPN","CPI","TOT","IDX2015","M","2006-04",97.02214,
"JPN","CPI","TOT","IDX2015","M","2006-05",97.32757,
"JPN","CPI","TOT","IDX2015","M","2006-06",97.32757,
"JPN","CPI","TOT","IDX2015","M","2006-07",97.02214,
"JPN","CPI","TOT","IDX2015","M","2006-08",97.73479,
"JPN","CPI","TOT","IDX2015","M","2006-09",97.73479,
"JPN","CPI","TOT","IDX2015","M","2006-10",97.53118,
"JPN","CPI","TOT","IDX2015","M","2006-11",97.02214,
"JPN","CPI","TOT","IDX2015","M","2006-12",97.12395,
"JPN","CPI","TOT","IDX2015","M","2007-01",96.92033,
"JPN","CPI","TOT","IDX2015","M","2007-02",96.4113,
"JPN","CPI","TOT","IDX2015","M","2007-03",96.71672,
"JPN","CPI","TOT","IDX2015","M","2007-04",97.02214,
"JPN","CPI","TOT","IDX2015","M","2007-05",97.32757,
"JPN","CPI","TOT","IDX2015","M","2007-06",97.12395,
"JPN","CPI","TOT","IDX2015","M","2007-07",97.02214,
"JPN","CPI","TOT","IDX2015","M","2007-08",97.53118,
"JPN","CPI","TOT","IDX2015","M","2007-09",97.53118,
"JPN","CPI","TOT","IDX2015","M","2007-10",97.73479,
"JPN","CPI","TOT","IDX2015","M","2007-11",97.63299,
"JPN","CPI","TOT","IDX2015","M","2007-12",97.73479,
"JPN","CPI","TOT","IDX2015","M","2008-01",97.63299,
"JPN","CPI","TOT","IDX2015","M","2008-02",97.42937,
"JPN","CPI","TOT","IDX2015","M","2008-03",97.8366,
"JPN","CPI","TOT","IDX2015","M","2008-04",97.73479,
"JPN","CPI","TOT","IDX2015","M","2008-05",98.54925,
"JPN","CPI","TOT","IDX2015","M","2008-06",99.05828,
"JPN","CPI","TOT","IDX2015","M","2008-07",99.2619,
"JPN","CPI","TOT","IDX2015","M","2008-08",99.56732,
"JPN","CPI","TOT","IDX2015","M","2008-09",99.56732,
"JPN","CPI","TOT","IDX2015","M","2008-10",99.46552,
"JPN","CPI","TOT","IDX2015","M","2008-11",98.54925,
"JPN","CPI","TOT","IDX2015","M","2008-12",98.14202,
"JPN","CPI","TOT","IDX2015","M","2009-01",97.63299,
"JPN","CPI","TOT","IDX2015","M","2009-02",97.32757,
"JPN","CPI","TOT","IDX2015","M","2009-03",97.63299,
"JPN","CPI","TOT","IDX2015","M","2009-04",97.73479,
"JPN","CPI","TOT","IDX2015","M","2009-05",97.53118,
"JPN","CPI","TOT","IDX2015","M","2009-06",97.32757,
"JPN","CPI","TOT","IDX2015","M","2009-07",97.02214,
"JPN","CPI","TOT","IDX2015","M","2009-08",97.32757,
"JPN","CPI","TOT","IDX2015","M","2009-09",97.32757,
"JPN","CPI","TOT","IDX2015","M","2009-10",96.92033,
"JPN","CPI","TOT","IDX2015","M","2009-11",96.71672,
"JPN","CPI","TOT","IDX2015","M","2009-12",96.51311,
"JPN","CPI","TOT","IDX2015","M","2010-01",96.61491,
"JPN","CPI","TOT","IDX2015","M","2010-02",96.61491,
"JPN","CPI","TOT","IDX2015","M","2010-03",96.81853,
"JPN","CPI","TOT","IDX2015","M","2010-04",96.81853,
"JPN","CPI","TOT","IDX2015","M","2010-05",96.81853,
"JPN","CPI","TOT","IDX2015","M","2010-06",96.61491,
"JPN","CPI","TOT","IDX2015","M","2010-07",96.10588,
"JPN","CPI","TOT","IDX2015","M","2010-08",96.20769,
"JPN","CPI","TOT","IDX2015","M","2010-09",96.4113,
"JPN","CPI","TOT","IDX2015","M","2010-10",96.71672,
"JPN","CPI","TOT","IDX2015","M","2010-11",96.4113,
"JPN","CPI","TOT","IDX2015","M","2010-12",96.20769,
"JPN","CPI","TOT","IDX2015","M","2011-01",96.10588,
"JPN","CPI","TOT","IDX2015","M","2011-02",96.10588,
"JPN","CPI","TOT","IDX2015","M","2011-03",96.30949,
"JPN","CPI","TOT","IDX2015","M","2011-04",96.4113,
"JPN","CPI","TOT","IDX2015","M","2011-05",96.4113,
"JPN","CPI","TOT","IDX2015","M","2011-06",96.30949,
"JPN","CPI","TOT","IDX2015","M","2011-07",96.30949,
"JPN","CPI","TOT","IDX2015","M","2011-08",96.4113,
"JPN","CPI","TOT","IDX2015","M","2011-09",96.4113,
"JPN","CPI","TOT","IDX2015","M","2011-10",96.51311,
"JPN","CPI","TOT","IDX2015","M","2011-11",95.90227,
"JPN","CPI","TOT","IDX2015","M","2011-12",96.00407,
"JPN","CPI","TOT","IDX2015","M","2012-01",96.20769,
"JPN","CPI","TOT","IDX2015","M","2012-02",96.4113,
"JPN","CPI","TOT","IDX2015","M","2012-03",96.81853,
"JPN","CPI","TOT","IDX2015","M","2012-04",96.92033,
"JPN","CPI","TOT","IDX2015","M","2012-05",96.61491,
"JPN","CPI","TOT","IDX2015","M","2012-06",96.10588,
"JPN","CPI","TOT","IDX2015","M","2012-07",95.80046,
"JPN","CPI","TOT","IDX2015","M","2012-08",96.00407,
"JPN","CPI","TOT","IDX2015","M","2012-09",96.10588,
"JPN","CPI","TOT","IDX2015","M","2012-10",96.10588,
"JPN","CPI","TOT","IDX2015","M","2012-11",95.80046,
"JPN","CPI","TOT","IDX2015","M","2012-12",95.80046,
"JPN","CPI","TOT","IDX2015","M","2013-01",95.90227,
"JPN","CPI","TOT","IDX2015","M","2013-02",95.69865,
"JPN","CPI","TOT","IDX2015","M","2013-03",95.90227,
"JPN","CPI","TOT","IDX2015","M","2013-04",96.20769,
"JPN","CPI","TOT","IDX2015","M","2013-05",96.30949,
"JPN","CPI","TOT","IDX2015","M","2013-06",96.30949,
"JPN","CPI","TOT","IDX2015","M","2013-07",96.51311,
"JPN","CPI","TOT","IDX2015","M","2013-08",96.81853,
"JPN","CPI","TOT","IDX2015","M","2013-09",97.12395,
"JPN","CPI","TOT","IDX2015","M","2013-10",97.22575,
"JPN","CPI","TOT","IDX2015","M","2013-11",97.22575,
"JPN","CPI","TOT","IDX2015","M","2013-12",97.32757,
"JPN","CPI","TOT","IDX2015","M","2014-01",97.22575,
"JPN","CPI","TOT","IDX2015","M","2014-02",97.22575,
"JPN","CPI","TOT","IDX2015","M","2014-03",97.42937,
"JPN","CPI","TOT","IDX2015","M","2014-04",99.46552,
"JPN","CPI","TOT","IDX2015","M","2014-05",99.87274,
"JPN","CPI","TOT","IDX2015","M","2014-06",99.77094,
"JPN","CPI","TOT","IDX2015","M","2014-07",99.87274,
"JPN","CPI","TOT","IDX2015","M","2014-08",100.0764,
"JPN","CPI","TOT","IDX2015","M","2014-09",100.28,
"JPN","CPI","TOT","IDX2015","M","2014-10",99.97455,
"JPN","CPI","TOT","IDX2015","M","2014-11",99.66913,
"JPN","CPI","TOT","IDX2015","M","2014-12",99.66913,
"JPN","CPI","TOT","IDX2015","M","2015-01",99.56732,
"JPN","CPI","TOT","IDX2015","M","2015-02",99.36371,
"JPN","CPI","TOT","IDX2015","M","2015-03",99.66913,
"JPN","CPI","TOT","IDX2015","M","2015-04",100.1782,
"JPN","CPI","TOT","IDX2015","M","2015-05",100.4836,
"JPN","CPI","TOT","IDX2015","M","2015-06",100.1782,
"JPN","CPI","TOT","IDX2015","M","2015-07",100.0764,
"JPN","CPI","TOT","IDX2015","M","2015-08",100.1782,
"JPN","CPI","TOT","IDX2015","M","2015-09",100.28,
"JPN","CPI","TOT","IDX2015","M","2015-10",100.28,
"JPN","CPI","TOT","IDX2015","M","2015-11",99.87274,
"JPN","CPI","TOT","IDX2015","M","2015-12",99.87274,
"JPN","CPI","TOT","IDX2015","M","2016-01",99.46552,
"JPN","CPI","TOT","IDX2015","M","2016-02",99.56732,
"JPN","CPI","TOT","IDX2015","M","2016-03",99.66913,
"JPN","CPI","TOT","IDX2015","M","2016-04",99.87274,
"JPN","CPI","TOT","IDX2015","M","2016-05",99.97455,
"JPN","CPI","TOT","IDX2015","M","2016-06",99.87274,
"JPN","CPI","TOT","IDX2015","M","2016-07",99.66913,
"JPN","CPI","TOT","IDX2015","M","2016-08",99.66913,
"JPN","CPI","TOT","IDX2015","M","2016-09",99.77094,
"JPN","CPI","TOT","IDX2015","M","2016-10",100.3818,
"JPN","CPI","TOT","IDX2015","M","2016-11",100.3818,
"JPN","CPI","TOT","IDX2015","M","2016-12",100.1782,
"JPN","CPI","TOT","IDX2015","M","2017-01",99.97455,
"JPN","CPI","TOT","IDX2015","M","2017-02",99.87274,
"JPN","CPI","TOT","IDX2015","M","2017-03",99.87274,
"JPN","CPI","TOT","IDX2015","M","2017-04",100.28,
"JPN","CPI","TOT","IDX2015","M","2017-05",100.3818,
"JPN","CPI","TOT","IDX2015","M","2017-06",100.28,
"JPN","CPI","TOT","IDX2015","M","2017-07",100.0764,
"JPN","CPI","TOT","IDX2015","M","2017-08",100.28,
"JPN","CPI","TOT","IDX2015","M","2017-09",100.5854,
"JPN","CPI","TOT","IDX2015","M","2017-10",100.5854,
"JPN","CPI","TOT","IDX2015","M","2017-11",100.8908,
"JPN","CPI","TOT","IDX2015","M","2017-12",101.1962,
"JPN","CPI","TOT","IDX2015","M","2018-01",101.298,
"JPN","CPI","TOT","IDX2015","M","2018-02",101.298,
"JPN","CPI","TOT","IDX2015","M","2018-03",100.9926,
"JPN","CPI","TOT","IDX2015","M","2018-04",100.8908,
"JPN","CPI","TOT","IDX2015","M","2018-05",101.0944,
"JPN","CPI","TOT","IDX2015","M","2018-06",100.9926,
"JPN","CPI","TOT","IDX2015","M","2018-07",100.9926,
"JPN","CPI","TOT","IDX2015","M","2018-08",101.6035,
"JPN","CPI","TOT","IDX2015","M","2018-09",101.7053,
"JPN","CPI","TOT","IDX2015","M","2018-10",102.0107,
"JPN","CPI","TOT","IDX2015","M","2018-11",101.8071,
"JPN","CPI","TOT","IDX2015","M","2018-12",101.5017,
"JPN","CPI","TOT","IDX2015","M","2019-01",101.5017,
"JPN","CPI","TOT","IDX2015","M","2019-02",101.5017,
"JPN","CPI","TOT","IDX2015","M","2019-03",101.5017,
"JPN","CPI","TOT","IDX2015","M","2019-04",101.8071,
"JPN","CPI","TOT","IDX2015","M","2019-05",101.8071,
"JPN","CPI","TOT","IDX2015","M","2019-06",101.6035,
"JPN","CPI","TOT","IDX2015","M","2019-07",101.6035,
"JPN","CPI","TOT","IDX2015","M","2019-08",101.8071,
"JPN","CPI","TOT","IDX2015","M","2019-09",101.9089,
"JPN","CPI","TOT","IDX2015","M","2019-10",102.2143,
"JPN","CPI","TOT","IDX2015","M","2019-11",102.3161,
"JPN","CPI","TOT","IDX2015","M","2019-12",102.3161,
"JPN","CPI","TOT","IDX2015","M","2020-01",102.3161,
"JPN","CPI","TOT","IDX2015","M","2020-02",102.1125,
"JPN","CPI","TOT","IDX2015","M","2020-03",102.1125,
"JPN","CPI","TOT","IDX2015","M","2020-04",102.0107,
"JPN","CPI","TOT","IDX2015","M","2020-05",101.9089,
"JPN","CPI","TOT","IDX2015","M","2020-06",101.7053,
"JPN","CPI","TOT","IDX2015","M","2020-07",101.8071,
"JPN","CPI","TOT","IDX2015","M","2020-08",101.9089,
"JPN","CPI","TOT","IDX2015","M","2020-09",101.7053,
"JPN","CPI","TOT","IDX2015","M","2020-10",101.6035,
"JPN","CPI","TOT","IDX2015","M","2020-11",101.298,
"JPN","CPI","TOT","IDX2015","M","2020-12",101.0944,
"JPN","CPI","TOT","IDX2015","M","2021-01",101.6035,
"JPN","CPI","TOT","IDX2015","M","2021-02",101.6035,
"JPN","CPI","TOT","IDX2015","M","2021-03",101.7053,
"JPN","CPI","TOT","IDX2015","M","2021-04",100.8908,
"JPN","CPI","TOT","IDX2015","M","2021-05",101.1962,
"JPN","CPI","TOT","IDX2015","M","2021-06",101.298,
"JPN","CPI","TOT","IDX2015","M","2021-07",101.5017,
"JPN","CPI","TOT","IDX2015","M","2021-08",101.5017,
"JPN","CPI","TOT","IDX2015","M","2021-09",101.9089,
"JPN","CPI","TOT","IDX2015","M","2021-10",101.7053,
"JPN","CPI","TOT","IDX2015","M","2021-11",101.9089,
"JPN","CPI","TOT","IDX2015","M","2021-12",101.9089,
"JPN","CPI","TOT","IDX2015","M","2022-01",102.1125,
"JPN","CPI","TOT","IDX2015","M","2022-02",102.5197,
"JPN","CPI","TOT","IDX2015","M","2022-03",102.927,
"JPN","CPI","TOT","IDX2015","M","2022-04",103.3342,
"JPN","CPI","TOT","IDX2015","M","2022-05",103.6396,
"JPN","CPI","TOT","IDX2015","M","2022-06",103.6396,
"JPN","CPI","TOT","IDX2015","M","2022-07",104.1486,
"JPN","CPI","TOT","IDX2015","M","2022-08",104.5559,
"JPN","CPI","TOT","IDX2015","M","2022-09",104.9631,
"JPN","CPI","TOT","IDX2015","M","2022-10",105.5739,
"JPN","CPI","TOT","IDX2015","M","2022-11",105.7775,
"JPN","CPI","TOT","IDX2015","M","2022-12",105.9812,
"JPN","CPI","TOT","IDX2015","M","2023-01",106.592,
"USA","CPI","TOT","IDX2015","M","2000-01",71.21852,
"USA","CPI","TOT","IDX2015","M","2000-02",71.64043,
"USA","CPI","TOT","IDX2015","M","2000-03",72.2311,
"USA","CPI","TOT","IDX2015","M","2000-04",72.2733,
"USA","CPI","TOT","IDX2015","M","2000-05",72.35768,
"USA","CPI","TOT","IDX2015","M","2000-06",72.7374,
"USA","CPI","TOT","IDX2015","M","2000-07",72.90617,
"USA","CPI","TOT","IDX2015","M","2000-08",72.90617,
"USA","CPI","TOT","IDX2015","M","2000-09",73.28588,
"USA","CPI","TOT","IDX2015","M","2000-10",73.41245,
"USA","CPI","TOT","IDX2015","M","2000-11",73.45464,
"USA","CPI","TOT","IDX2015","M","2000-12",73.41245,
"USA","CPI","TOT","IDX2015","M","2001-01",73.87656,
"USA","CPI","TOT","IDX2015","M","2001-02",74.1719,
"USA","CPI","TOT","IDX2015","M","2001-03",74.34066,
"USA","CPI","TOT","IDX2015","M","2001-04",74.63599,
"USA","CPI","TOT","IDX2015","M","2001-05",74.97353,
"USA","CPI","TOT","IDX2015","M","2001-06",75.1001,
"USA","CPI","TOT","IDX2015","M","2001-07",74.88914,
"USA","CPI","TOT","IDX2015","M","2001-08",74.88914,
"USA","CPI","TOT","IDX2015","M","2001-09",75.22667,
"USA","CPI","TOT","IDX2015","M","2001-10",74.97353,
"USA","CPI","TOT","IDX2015","M","2001-11",74.84695,
"USA","CPI","TOT","IDX2015","M","2001-12",74.55161,
"USA","CPI","TOT","IDX2015","M","2002-01",74.72038,
"USA","CPI","TOT","IDX2015","M","2002-02",75.01572,
"USA","CPI","TOT","IDX2015","M","2002-03",75.43763,
"USA","CPI","TOT","IDX2015","M","2002-04",75.85954,
"USA","CPI","TOT","IDX2015","M","2002-05",75.85954,
"USA","CPI","TOT","IDX2015","M","2002-06",75.90173,
"USA","CPI","TOT","IDX2015","M","2002-07",75.98611,
"USA","CPI","TOT","IDX2015","M","2002-08",76.23926,
"USA","CPI","TOT","IDX2015","M","2002-09",76.36583,
"USA","CPI","TOT","IDX2015","M","2002-10",76.4924,
"USA","CPI","TOT","IDX2015","M","2002-11",76.4924,
"USA","CPI","TOT","IDX2015","M","2002-12",76.32364,
"USA","CPI","TOT","IDX2015","M","2003-01",76.66117,
"USA","CPI","TOT","IDX2015","M","2003-02",77.25185,
"USA","CPI","TOT","IDX2015","M","2003-03",77.71594,
"USA","CPI","TOT","IDX2015","M","2003-04",77.54718,
"USA","CPI","TOT","IDX2015","M","2003-05",77.42061,
"USA","CPI","TOT","IDX2015","M","2003-06",77.50499,
"USA","CPI","TOT","IDX2015","M","2003-07",77.58937,
"USA","CPI","TOT","IDX2015","M","2003-08",77.88471,
"USA","CPI","TOT","IDX2015","M","2003-09",78.13786,
"USA","CPI","TOT","IDX2015","M","2003-10",78.05347,
"USA","CPI","TOT","IDX2015","M","2003-11",77.84251,
"USA","CPI","TOT","IDX2015","M","2003-12",77.75813,
"USA","CPI","TOT","IDX2015","M","2004-01",78.13786,
"USA","CPI","TOT","IDX2015","M","2004-02",78.55977,
"USA","CPI","TOT","IDX2015","M","2004-03",79.06606,
"USA","CPI","TOT","IDX2015","M","2004-04",79.31921,
"USA","CPI","TOT","IDX2015","M","2004-05",79.78331,
"USA","CPI","TOT","IDX2015","M","2004-06",80.03645,
"USA","CPI","TOT","IDX2015","M","2004-07",79.90988,
"USA","CPI","TOT","IDX2015","M","2004-08",79.95207,
"USA","CPI","TOT","IDX2015","M","2004-09",80.12083,
"USA","CPI","TOT","IDX2015","M","2004-10",80.54275,
"USA","CPI","TOT","IDX2015","M","2004-11",80.58494,
"USA","CPI","TOT","IDX2015","M","2004-12",80.2896,
"USA","CPI","TOT","IDX2015","M","2005-01",80.45837,
"USA","CPI","TOT","IDX2015","M","2005-02",80.92246,
"USA","CPI","TOT","IDX2015","M","2005-03",81.55533,
"USA","CPI","TOT","IDX2015","M","2005-04",82.10381,
"USA","CPI","TOT","IDX2015","M","2005-05",82.01943,
"USA","CPI","TOT","IDX2015","M","2005-06",82.06162,
"USA","CPI","TOT","IDX2015","M","2005-07",82.44135,
"USA","CPI","TOT","IDX2015","M","2005-08",82.86325,
"USA","CPI","TOT","IDX2015","M","2005-09",83.87584,
"USA","CPI","TOT","IDX2015","M","2005-10",84.0446,
"USA","CPI","TOT","IDX2015","M","2005-11",83.36954,
"USA","CPI","TOT","IDX2015","M","2005-12",83.03202,
"USA","CPI","TOT","IDX2015","M","2006-01",83.66489,
"USA","CPI","TOT","IDX2015","M","2006-02",83.83365,
"USA","CPI","TOT","IDX2015","M","2006-03",84.29775,
"USA","CPI","TOT","IDX2015","M","2006-04",85.015,
"USA","CPI","TOT","IDX2015","M","2006-05",85.43691,
"USA","CPI","TOT","IDX2015","M","2006-06",85.60567,
"USA","CPI","TOT","IDX2015","M","2006-07",85.85882,
"USA","CPI","TOT","IDX2015","M","2006-08",86.02759,
"USA","CPI","TOT","IDX2015","M","2006-09",85.60567,
"USA","CPI","TOT","IDX2015","M","2006-10",85.14157,
"USA","CPI","TOT","IDX2015","M","2006-11",85.015,
"USA","CPI","TOT","IDX2015","M","2006-12",85.14157,
"USA","CPI","TOT","IDX2015","M","2007-01",85.40147,
"USA","CPI","TOT","IDX2015","M","2007-02",85.8584,
"USA","CPI","TOT","IDX2015","M","2007-03",86.6402,
"USA","CPI","TOT","IDX2015","M","2007-04",87.20303,
"USA","CPI","TOT","IDX2015","M","2007-05",87.7359,
"USA","CPI","TOT","IDX2015","M","2007-06",87.90593,
"USA","CPI","TOT","IDX2015","M","2007-07",87.88357,
"USA","CPI","TOT","IDX2015","M","2007-08",87.7224,
"USA","CPI","TOT","IDX2015","M","2007-09",87.96416,
"USA","CPI","TOT","IDX2015","M","2007-10",88.15233,
"USA","CPI","TOT","IDX2015","M","2007-11",88.67592,
"USA","CPI","TOT","IDX2015","M","2007-12",88.61642,
"USA","CPI","TOT","IDX2015","M","2008-01",89.0569,
"USA","CPI","TOT","IDX2015","M","2008-02",89.31554,
"USA","CPI","TOT","IDX2015","M","2008-03",90.08974,
"USA","CPI","TOT","IDX2015","M","2008-04",90.63612,
"USA","CPI","TOT","IDX2015","M","2008-05",91.39935,
"USA","CPI","TOT","IDX2015","M","2008-06",92.32038,
"USA","CPI","TOT","IDX2015","M","2008-07",92.80516,
"USA","CPI","TOT","IDX2015","M","2008-08",92.43472,
"USA","CPI","TOT","IDX2015","M","2008-09",92.30688,
"USA","CPI","TOT","IDX2015","M","2008-10",91.37446,
"USA","CPI","TOT","IDX2015","M","2008-11",89.62437,
"USA","CPI","TOT","IDX2015","M","2008-12",88.69743,
"USA","CPI","TOT","IDX2015","M","2009-01",89.08348,
"USA","CPI","TOT","IDX2015","M","2009-02",89.52649,
"USA","CPI","TOT","IDX2015","M","2009-03",89.74419,
"USA","CPI","TOT","IDX2015","M","2009-04",89.96823,
"USA","CPI","TOT","IDX2015","M","2009-05",90.22813,
"USA","CPI","TOT","IDX2015","M","2009-06",91.00317,
"USA","CPI","TOT","IDX2015","M","2009-07",90.85889,
"USA","CPI","TOT","IDX2015","M","2009-08",91.06267,
"USA","CPI","TOT","IDX2015","M","2009-09",91.11962,
"USA","CPI","TOT","IDX2015","M","2009-10",91.20738,
"USA","CPI","TOT","IDX2015","M","2009-11",91.27193,
"USA","CPI","TOT","IDX2015","M","2009-12",91.11118,
"USA","CPI","TOT","IDX2015","M","2010-01",91.42255,
"USA","CPI","TOT","IDX2015","M","2010-02",91.44534,
"USA","CPI","TOT","IDX2015","M","2010-03",91.82084,
"USA","CPI","TOT","IDX2015","M","2010-04",91.98032,
"USA","CPI","TOT","IDX2015","M","2010-05",92.05163,
"USA","CPI","TOT","IDX2015","M","2010-06",91.96176,
"USA","CPI","TOT","IDX2015","M","2010-07",91.98116,
"USA","CPI","TOT","IDX2015","M","2010-08",92.10816,
"USA","CPI","TOT","IDX2015","M","2010-09",92.16174,
"USA","CPI","TOT","IDX2015","M","2010-10",92.2765,
"USA","CPI","TOT","IDX2015","M","2010-11",92.31532,
"USA","CPI","TOT","IDX2015","M","2010-12",92.47396,
"USA","CPI","TOT","IDX2015","M","2011-01",92.91443,
"USA","CPI","TOT","IDX2015","M","2011-02",93.37263,
"USA","CPI","TOT","IDX2015","M","2011-03",94.28311,
"USA","CPI","TOT","IDX2015","M","2011-04",94.89024,
"USA","CPI","TOT","IDX2015","M","2011-05",95.33662,
"USA","CPI","TOT","IDX2015","M","2011-06",95.23452,
"USA","CPI","TOT","IDX2015","M","2011-07",95.3189,
"USA","CPI","TOT","IDX2015","M","2011-08",95.58175,
"USA","CPI","TOT","IDX2015","M","2011-09",95.72689,
"USA","CPI","TOT","IDX2015","M","2011-10",95.52943,
"USA","CPI","TOT","IDX2015","M","2011-11",95.44885,
"USA","CPI","TOT","IDX2015","M","2011-12",95.21342,
"USA","CPI","TOT","IDX2015","M","2012-01",95.63238,
"USA","CPI","TOT","IDX2015","M","2012-02",96.05344,
"USA","CPI","TOT","IDX2015","M","2012-03",96.78293,
"USA","CPI","TOT","IDX2015","M","2012-04",97.07532,
"USA","CPI","TOT","IDX2015","M","2012-05",96.9614,
"USA","CPI","TOT","IDX2015","M","2012-06",96.81921,
"USA","CPI","TOT","IDX2015","M","2012-07",96.66142,
"USA","CPI","TOT","IDX2015","M","2012-08",97.19936,
"USA","CPI","TOT","IDX2015","M","2012-09",97.63308,
"USA","CPI","TOT","IDX2015","M","2012-10",97.59511,
"USA","CPI","TOT","IDX2015","M","2012-11",97.1327,
"USA","CPI","TOT","IDX2015","M","2012-12",96.87111,
"USA","CPI","TOT","IDX2015","M","2013-01",97.15759,
"USA","CPI","TOT","IDX2015","M","2013-02",97.95331,
"USA","CPI","TOT","IDX2015","M","2013-03",98.20941,
"USA","CPI","TOT","IDX2015","M","2013-04",98.10731,
"USA","CPI","TOT","IDX2015","M","2013-05",98.28198,
"USA","CPI","TOT","IDX2015","M","2013-06",98.51783,
"USA","CPI","TOT","IDX2015","M","2013-07",98.55664,
"USA","CPI","TOT","IDX2015","M","2013-08",98.6752,
"USA","CPI","TOT","IDX2015","M","2013-09",98.78996,
"USA","CPI","TOT","IDX2015","M","2013-10",98.53555,
"USA","CPI","TOT","IDX2015","M","2013-11",98.3343,
"USA","CPI","TOT","IDX2015","M","2013-12",98.32586,
"USA","CPI","TOT","IDX2015","M","2014-01",98.69166,
"USA","CPI","TOT","IDX2015","M","2014-02",99.05661,
"USA","CPI","TOT","IDX2015","M","2014-03",99.69453,
"USA","CPI","TOT","IDX2015","M","2014-04",100.0232,
"USA","CPI","TOT","IDX2015","M","2014-05",100.3725,
"USA","CPI","TOT","IDX2015","M","2014-06",100.5595,
"USA","CPI","TOT","IDX2015","M","2014-07",100.5202,
"USA","CPI","TOT","IDX2015","M","2014-08",100.3523,
"USA","CPI","TOT","IDX2015","M","2014-09",100.4278,
"USA","CPI","TOT","IDX2015","M","2014-10",100.1755,
"USA","CPI","TOT","IDX2015","M","2014-11",99.63463,
"USA","CPI","TOT","IDX2015","M","2014-12",99.06969,
"USA","CPI","TOT","IDX2015","M","2015-01",98.60348,
"USA","CPI","TOT","IDX2015","M","2015-02",99.03172,
"USA","CPI","TOT","IDX2015","M","2015-03",99.62112,
"USA","CPI","TOT","IDX2015","M","2015-04",99.82364,
"USA","CPI","TOT","IDX2015","M","2015-05",100.3325,
"USA","CPI","TOT","IDX2015","M","2015-06",100.6839,
"USA","CPI","TOT","IDX2015","M","2015-07",100.6907,
"USA","CPI","TOT","IDX2015","M","2015-08",100.5481,
"USA","CPI","TOT","IDX2015","M","2015-09",100.3915,
"USA","CPI","TOT","IDX2015","M","2015-10",100.3464,
"USA","CPI","TOT","IDX2015","M","2015-11",100.1346,
"USA","CPI","TOT","IDX2015","M","2015-12",99.79242,
"USA","CPI","TOT","IDX2015","M","2016-01",99.95739,
"USA","CPI","TOT","IDX2015","M","2016-02",100.0397,
"USA","CPI","TOT","IDX2015","M","2016-03",100.4704,
"USA","CPI","TOT","IDX2015","M","2016-04",100.9468,
"USA","CPI","TOT","IDX2015","M","2016-05",101.3552,
"USA","CPI","TOT","IDX2015","M","2016-06",101.6881,
"USA","CPI","TOT","IDX2015","M","2016-07",101.5235,
"USA","CPI","TOT","IDX2015","M","2016-08",101.6168,
"USA","CPI","TOT","IDX2015","M","2016-09",101.861,
"USA","CPI","TOT","IDX2015","M","2016-10",101.988,
"USA","CPI","TOT","IDX2015","M","2016-11",101.8294,
"USA","CPI","TOT","IDX2015","M","2016-12",101.8627,
"USA","CPI","TOT","IDX2015","M","2017-01",102.4564,
"USA","CPI","TOT","IDX2015","M","2017-02",102.7787,
"USA","CPI","TOT","IDX2015","M","2017-03",102.8622,
"USA","CPI","TOT","IDX2015","M","2017-04",103.1673,
"USA","CPI","TOT","IDX2015","M","2017-05",103.2555,
"USA","CPI","TOT","IDX2015","M","2017-06",103.3491,
"USA","CPI","TOT","IDX2015","M","2017-07",103.2778,
"USA","CPI","TOT","IDX2015","M","2017-08",103.5871,
"USA","CPI","TOT","IDX2015","M","2017-09",104.1356,
"USA","CPI","TOT","IDX2015","M","2017-10",104.0697,
"USA","CPI","TOT","IDX2015","M","2017-11",104.0723,
"USA","CPI","TOT","IDX2015","M","2017-12",104.0111,
"USA","CPI","TOT","IDX2015","M","2018-01",104.5777,
"USA","CPI","TOT","IDX2015","M","2018-02",105.052,
"USA","CPI","TOT","IDX2015","M","2018-03",105.2895,
"USA","CPI","TOT","IDX2015","M","2018-04",105.708,
"USA","CPI","TOT","IDX2015","M","2018-05",106.1477,
"USA","CPI","TOT","IDX2015","M","2018-06",106.3168,
"USA","CPI","TOT","IDX2015","M","2018-07",106.324,
"USA","CPI","TOT","IDX2015","M","2018-08",106.3831,
"USA","CPI","TOT","IDX2015","M","2018-09",106.5067,
"USA","CPI","TOT","IDX2015","M","2018-10",106.6949,
"USA","CPI","TOT","IDX2015","M","2018-11",106.3375,
"USA","CPI","TOT","IDX2015","M","2018-12",105.9979,
"USA","CPI","TOT","IDX2015","M","2019-01",106.2,
"USA","CPI","TOT","IDX2015","M","2019-02",106.6489,
"USA","CPI","TOT","IDX2015","M","2019-03",107.2505,
"USA","CPI","TOT","IDX2015","M","2019-04",107.8184,
"USA","CPI","TOT","IDX2015","M","2019-05",108.0479,
"USA","CPI","TOT","IDX2015","M","2019-06",108.0695,
"USA","CPI","TOT","IDX2015","M","2019-07",108.25,
"USA","CPI","TOT","IDX2015","M","2019-08",108.2446,
"USA","CPI","TOT","IDX2015","M","2019-09",108.3294,
"USA","CPI","TOT","IDX2015","M","2019-10",108.577,
"USA","CPI","TOT","IDX2015","M","2019-11",108.5188,
"USA","CPI","TOT","IDX2015","M","2019-12",108.4201,
"USA","CPI","TOT","IDX2015","M","2020-01",108.8407,
"USA","CPI","TOT","IDX2015","M","2020-02",109.139,
"USA","CPI","TOT","IDX2015","M","2020-03",108.9015,
"USA","CPI","TOT","IDX2015","M","2020-04",108.1733,
"USA","CPI","TOT","IDX2015","M","2020-05",108.1754,
"USA","CPI","TOT","IDX2015","M","2020-06",108.7673,
"USA","CPI","TOT","IDX2015","M","2020-07",109.3175,
"USA","CPI","TOT","IDX2015","M","2020-08",109.6622,
"USA","CPI","TOT","IDX2015","M","2020-09",109.8149,
"USA","CPI","TOT","IDX2015","M","2020-10",109.8605,
"USA","CPI","TOT","IDX2015","M","2020-11",109.7934,
"USA","CPI","TOT","IDX2015","M","2020-12",109.8968,
"USA","CPI","TOT","IDX2015","M","2021-01",110.3642,
"USA","CPI","TOT","IDX2015","M","2021-02",110.9684,
"USA","CPI","TOT","IDX2015","M","2021-03",111.7544,
"USA","CPI","TOT","IDX2015","M","2021-04",112.6729,
"USA","CPI","TOT","IDX2015","M","2021-05",113.5762,
"USA","CPI","TOT","IDX2015","M","2021-06",114.6314,
"USA","CPI","TOT","IDX2015","M","2021-07",115.1829,
"USA","CPI","TOT","IDX2015","M","2021-08",115.4208,
"USA","CPI","TOT","IDX2015","M","2021-09",115.7343,
"USA","CPI","TOT","IDX2015","M","2021-10",116.6958,
"USA","CPI","TOT","IDX2015","M","2021-11",117.2692,
"USA","CPI","TOT","IDX2015","M","2021-12",117.6295,
"USA","CPI","TOT","IDX2015","M","2022-01",118.6193,
"USA","CPI","TOT","IDX2015","M","2022-02",119.7028,
"USA","CPI","TOT","IDX2015","M","2022-03",121.301,
"USA","CPI","TOT","IDX2015","M","2022-04",121.9782,
"USA","CPI","TOT","IDX2015","M","2022-05",123.3228,
"USA","CPI","TOT","IDX2015","M","2022-06",125.0168,
"USA","CPI","TOT","IDX2015","M","2022-07",125.002,
"USA","CPI","TOT","IDX2015","M","2022-08",124.9577,
"USA","CPI","TOT","IDX2015","M","2022-09",125.2265,
"USA","CPI","TOT","IDX2015","M","2022-10",125.7344,
"USA","CPI","TOT","IDX2015","M","2022-11",125.6074,
"USA","CPI","TOT","IDX2015","M","2022-12",125.2218,
"USA","CPI","TOT","IDX2015","M","2023-01",126.223,
"USA","CPI","TOT","IDX2015","M","2023-02",126.9276,
"CHN","CPI","TOT","IDX2015","M","2000-01",70.93649,
"CHN","CPI","TOT","IDX2015","M","2000-02",71.8595,
"CHN","CPI","TOT","IDX2015","M","2000-03",70.86146,
"CHN","CPI","TOT","IDX2015","M","2000-04",70.4441,
"CHN","CPI","TOT","IDX2015","M","2000-05",70.02296,
"CHN","CPI","TOT","IDX2015","M","2000-06",69.38737,
"CHN","CPI","TOT","IDX2015","M","2000-07",68.97241,
"CHN","CPI","TOT","IDX2015","M","2000-08",69.38317,
"CHN","CPI","TOT","IDX2015","M","2000-09",70.77847,
"CHN","CPI","TOT","IDX2015","M","2000-10",70.77827,
"CHN","CPI","TOT","IDX2015","M","2000-11",70.99095,
"CHN","CPI","TOT","IDX2015","M","2000-12",71.06194,
"CHN","CPI","TOT","IDX2015","M","2001-01",71.78772,
"CHN","CPI","TOT","IDX2015","M","2001-02",71.8595,
"CHN","CPI","TOT","IDX2015","M","2001-03",71.42835,
"CHN","CPI","TOT","IDX2015","M","2001-04",71.57121,
"CHN","CPI","TOT","IDX2015","M","2001-05",71.21335,
"CHN","CPI","TOT","IDX2015","M","2001-06",70.3588,
"CHN","CPI","TOT","IDX2015","M","2001-07",70.007,
"CHN","CPI","TOT","IDX2015","M","2001-08",70.077,
"CHN","CPI","TOT","IDX2015","M","2001-09",70.7077,
"CHN","CPI","TOT","IDX2015","M","2001-10",70.91982,
"CHN","CPI","TOT","IDX2015","M","2001-11",70.77798,
"CHN","CPI","TOT","IDX2015","M","2001-12",70.84876,
"CHN","CPI","TOT","IDX2015","M","2002-01",71.0613,
"CHN","CPI","TOT","IDX2015","M","2002-02",71.84298,
"CHN","CPI","TOT","IDX2015","M","2002-03",70.90902,
"CHN","CPI","TOT","IDX2015","M","2002-04",70.6963,
"CHN","CPI","TOT","IDX2015","M","2002-05",70.48421,
"CHN","CPI","TOT","IDX2015","M","2002-06",69.84985,
"CHN","CPI","TOT","IDX2015","M","2002-07",69.3609,
"CHN","CPI","TOT","IDX2015","M","2002-08",69.56898,
"CHN","CPI","TOT","IDX2015","M","2002-09",70.26467,
"CHN","CPI","TOT","IDX2015","M","2002-10",70.4052,
"CHN","CPI","TOT","IDX2015","M","2002-11",70.33479,
"CHN","CPI","TOT","IDX2015","M","2002-12",70.5458,
"CHN","CPI","TOT","IDX2015","M","2003-01",71.3218,
"CHN","CPI","TOT","IDX2015","M","2003-02",71.9637,
"CHN","CPI","TOT","IDX2015","M","2003-03",71.53191,
"CHN","CPI","TOT","IDX2015","M","2003-04",71.38885,
"CHN","CPI","TOT","IDX2015","M","2003-05",70.88913,
"CHN","CPI","TOT","IDX2015","M","2003-06",70.03846,
"CHN","CPI","TOT","IDX2015","M","2003-07",69.68827,
"CHN","CPI","TOT","IDX2015","M","2003-08",70.17609,
"CHN","CPI","TOT","IDX2015","M","2003-09",71.0182,
"CHN","CPI","TOT","IDX2015","M","2003-10",71.65736,
"CHN","CPI","TOT","IDX2015","M","2003-11",72.37394,
"CHN","CPI","TOT","IDX2015","M","2003-12",72.80818,
"CHN","CPI","TOT","IDX2015","M","2004-01",73.60907,
"CHN","CPI","TOT","IDX2015","M","2004-02",73.46185,
"CHN","CPI","TOT","IDX2015","M","2004-03",73.68224,
"CHN","CPI","TOT","IDX2015","M","2004-04",74.05065,
"CHN","CPI","TOT","IDX2015","M","2004-05",73.9766,
"CHN","CPI","TOT","IDX2015","M","2004-06",73.45876,
"CHN","CPI","TOT","IDX2015","M","2004-07",73.31184,
"CHN","CPI","TOT","IDX2015","M","2004-08",73.82503,
"CHN","CPI","TOT","IDX2015","M","2004-09",74.6371,
"CHN","CPI","TOT","IDX2015","M","2004-10",74.6371,
"CHN","CPI","TOT","IDX2015","M","2004-11",74.41319,
"CHN","CPI","TOT","IDX2015","M","2004-12",74.4876,
"CHN","CPI","TOT","IDX2015","M","2005-01",74.93453,
"CHN","CPI","TOT","IDX2015","M","2005-02",76.28336,
"CHN","CPI","TOT","IDX2015","M","2005-03",75.5968,
"CHN","CPI","TOT","IDX2015","M","2005-04",75.37001,
"CHN","CPI","TOT","IDX2015","M","2005-05",75.21927,
"CHN","CPI","TOT","IDX2015","M","2005-06",74.61752,
"CHN","CPI","TOT","IDX2015","M","2005-07",74.61752,
"CHN","CPI","TOT","IDX2015","M","2005-08",74.76675,
"CHN","CPI","TOT","IDX2015","M","2005-09",75.29012,
"CHN","CPI","TOT","IDX2015","M","2005-10",75.59128,
"CHN","CPI","TOT","IDX2015","M","2005-11",75.36451,
"CHN","CPI","TOT","IDX2015","M","2005-12",75.66596,
"CHN","CPI","TOT","IDX2015","M","2006-01",76.64962,
"CHN","CPI","TOT","IDX2015","M","2006-02",77.03287,
"CHN","CPI","TOT","IDX2015","M","2006-03",76.33958,
"CHN","CPI","TOT","IDX2015","M","2006-04",76.49226,
"CHN","CPI","TOT","IDX2015","M","2006-05",76.41576,
"CHN","CPI","TOT","IDX2015","M","2006-06",76.03368,
"CHN","CPI","TOT","IDX2015","M","2006-07",75.80558,
"CHN","CPI","TOT","IDX2015","M","2006-08",76.033,
"CHN","CPI","TOT","IDX2015","M","2006-09",76.41316,
"CHN","CPI","TOT","IDX2015","M","2006-10",76.48958,
"CHN","CPI","TOT","IDX2015","M","2006-11",76.71905,
"CHN","CPI","TOT","IDX2015","M","2006-12",77.79311,
"CHN","CPI","TOT","IDX2015","M","2007-01",78.33766,
"CHN","CPI","TOT","IDX2015","M","2007-02",79.12104,
"CHN","CPI","TOT","IDX2015","M","2007-03",78.88367,
"CHN","CPI","TOT","IDX2015","M","2007-04",78.80479,
"CHN","CPI","TOT","IDX2015","M","2007-05",79.04121,
"CHN","CPI","TOT","IDX2015","M","2007-06",79.35738,
"CHN","CPI","TOT","IDX2015","M","2007-07",80.07159,
"CHN","CPI","TOT","IDX2015","M","2007-08",81.03245,
"CHN","CPI","TOT","IDX2015","M","2007-09",81.27554,
"CHN","CPI","TOT","IDX2015","M","2007-10",81.51937,
"CHN","CPI","TOT","IDX2015","M","2007-11",82.09001,
"CHN","CPI","TOT","IDX2015","M","2007-12",82.91091,
"CHN","CPI","TOT","IDX2015","M","2008-01",83.90584,
"CHN","CPI","TOT","IDX2015","M","2008-02",86.08739,
"CHN","CPI","TOT","IDX2015","M","2008-03",85.48478,
"CHN","CPI","TOT","IDX2015","M","2008-04",85.57027,
"CHN","CPI","TOT","IDX2015","M","2008-05",85.22798,
"CHN","CPI","TOT","IDX2015","M","2008-06",85.05753,
"CHN","CPI","TOT","IDX2015","M","2008-07",85.14259,
"CHN","CPI","TOT","IDX2015","M","2008-08",85.05744,
"CHN","CPI","TOT","IDX2015","M","2008-09",85.05744,
"CHN","CPI","TOT","IDX2015","M","2008-10",84.80227,
"CHN","CPI","TOT","IDX2015","M","2008-11",84.12385,
"CHN","CPI","TOT","IDX2015","M","2008-12",83.9556,
"CHN","CPI","TOT","IDX2015","M","2009-01",84.7112,
"CHN","CPI","TOT","IDX2015","M","2009-02",84.7112,
"CHN","CPI","TOT","IDX2015","M","2009-03",84.45707,
"CHN","CPI","TOT","IDX2015","M","2009-04",84.28815,
"CHN","CPI","TOT","IDX2015","M","2009-05",84.03529,
"CHN","CPI","TOT","IDX2015","M","2009-06",83.61511,
"CHN","CPI","TOT","IDX2015","M","2009-07",83.61511,
"CHN","CPI","TOT","IDX2015","M","2009-08",84.03319,
"CHN","CPI","TOT","IDX2015","M","2009-09",84.36932,
"CHN","CPI","TOT","IDX2015","M","2009-10",84.28703,
"CHN","CPI","TOT","IDX2015","M","2009-11",84.54066,
"CHN","CPI","TOT","IDX2015","M","2009-12",85.38614,
"CHN","CPI","TOT","IDX2015","M","2010-01",85.89342,
"CHN","CPI","TOT","IDX2015","M","2010-02",86.92914,
"CHN","CPI","TOT","IDX2015","M","2010-03",86.31617,
"CHN","CPI","TOT","IDX2015","M","2010-04",86.49231,
"CHN","CPI","TOT","IDX2015","M","2010-05",86.40776,
"CHN","CPI","TOT","IDX2015","M","2010-06",85.88638,
"CHN","CPI","TOT","IDX2015","M","2010-07",86.23162,
"CHN","CPI","TOT","IDX2015","M","2010-08",86.74595,
"CHN","CPI","TOT","IDX2015","M","2010-09",87.26733,
"CHN","CPI","TOT","IDX2015","M","2010-10",87.8803,
"CHN","CPI","TOT","IDX2015","M","2010-11",88.84555,
"CHN","CPI","TOT","IDX2015","M","2010-12",89.28943,
"CHN","CPI","TOT","IDX2015","M","2011-01",90.18423,
"CHN","CPI","TOT","IDX2015","M","2011-02",91.33717,
"CHN","CPI","TOT","IDX2015","M","2011-03",91.15383,
"CHN","CPI","TOT","IDX2015","M","2011-04",91.2455,
"CHN","CPI","TOT","IDX2015","M","2011-05",91.33717,
"CHN","CPI","TOT","IDX2015","M","2011-06",91.61217,
"CHN","CPI","TOT","IDX2015","M","2011-07",92.01405,
"CHN","CPI","TOT","IDX2015","M","2011-08",92.27545,
"CHN","CPI","TOT","IDX2015","M","2011-09",92.71113,
"CHN","CPI","TOT","IDX2015","M","2011-10",92.79826,
"CHN","CPI","TOT","IDX2015","M","2011-11",92.62399,
"CHN","CPI","TOT","IDX2015","M","2011-12",92.88539,
"CHN","CPI","TOT","IDX2015","M","2012-01",94.27955,
"CHN","CPI","TOT","IDX2015","M","2012-02",94.19241,
"CHN","CPI","TOT","IDX2015","M","2012-03",94.36668,
"CHN","CPI","TOT","IDX2015","M","2012-04",94.27955,
"CHN","CPI","TOT","IDX2015","M","2012-05",94.01814,
"CHN","CPI","TOT","IDX2015","M","2012-06",93.49534,
"CHN","CPI","TOT","IDX2015","M","2012-07",93.58247,
"CHN","CPI","TOT","IDX2015","M","2012-08",94.193,
"CHN","CPI","TOT","IDX2015","M","2012-09",94.48211,
"CHN","CPI","TOT","IDX2015","M","2012-10",94.38338,
"CHN","CPI","TOT","IDX2015","M","2012-11",94.54095,
"CHN","CPI","TOT","IDX2015","M","2012-12",95.23661,
"CHN","CPI","TOT","IDX2015","M","2013-01",96.18855,
"CHN","CPI","TOT","IDX2015","M","2013-02",97.24627,
"CHN","CPI","TOT","IDX2015","M","2013-03",96.37189,
"CHN","CPI","TOT","IDX2015","M","2013-04",96.56242,
"CHN","CPI","TOT","IDX2015","M","2013-05",95.98406,
"CHN","CPI","TOT","IDX2015","M","2013-06",95.98406,
"CHN","CPI","TOT","IDX2015","M","2013-07",96.07897,
"CHN","CPI","TOT","IDX2015","M","2013-08",96.56228,
"CHN","CPI","TOT","IDX2015","M","2013-09",97.33187,
"CHN","CPI","TOT","IDX2015","M","2013-10",97.4296,
"CHN","CPI","TOT","IDX2015","M","2013-11",97.3318,
"CHN","CPI","TOT","IDX2015","M","2013-12",97.6238,
"CHN","CPI","TOT","IDX2015","M","2014-01",98.6,
"CHN","CPI","TOT","IDX2015","M","2014-02",99.1,
"CHN","CPI","TOT","IDX2015","M","2014-03",98.6,
"CHN","CPI","TOT","IDX2015","M","2014-04",98.2,
"CHN","CPI","TOT","IDX2015","M","2014-05",98.3,
"CHN","CPI","TOT","IDX2015","M","2014-06",98.2,
"CHN","CPI","TOT","IDX2015","M","2014-07",98.2,
"CHN","CPI","TOT","IDX2015","M","2014-08",98.4,
"CHN","CPI","TOT","IDX2015","M","2014-09",98.9,
"CHN","CPI","TOT","IDX2015","M","2014-10",98.9,
"CHN","CPI","TOT","IDX2015","M","2014-11",98.6,
"CHN","CPI","TOT","IDX2015","M","2014-12",99,
"CHN","CPI","TOT","IDX2015","M","2015-01",99.3,
"CHN","CPI","TOT","IDX2015","M","2015-02",100.5,
"CHN","CPI","TOT","IDX2015","M","2015-03",99.9,
"CHN","CPI","TOT","IDX2015","M","2015-04",99.7,
"CHN","CPI","TOT","IDX2015","M","2015-05",99.5,
"CHN","CPI","TOT","IDX2015","M","2015-06",99.5,
"CHN","CPI","TOT","IDX2015","M","2015-07",99.9,
"CHN","CPI","TOT","IDX2015","M","2015-08",100.4,
"CHN","CPI","TOT","IDX2015","M","2015-09",100.5,
"CHN","CPI","TOT","IDX2015","M","2015-10",100.1,
"CHN","CPI","TOT","IDX2015","M","2015-11",100.1,
"CHN","CPI","TOT","IDX2015","M","2015-12",100.6,
"CHN","CPI","TOT","IDX2015","M","2016-01",101.1,
"CHN","CPI","TOT","IDX2015","M","2016-02",102.7,
"CHN","CPI","TOT","IDX2015","M","2016-03",102.2,
"CHN","CPI","TOT","IDX2015","M","2016-04",102,
"CHN","CPI","TOT","IDX2015","M","2016-05",101.6,
"CHN","CPI","TOT","IDX2015","M","2016-06",101.4,
"CHN","CPI","TOT","IDX2015","M","2016-07",101.6,
"CHN","CPI","TOT","IDX2015","M","2016-08",101.7,
"CHN","CPI","TOT","IDX2015","M","2016-09",102.4,
"CHN","CPI","TOT","IDX2015","M","2016-10",102.3,
"CHN","CPI","TOT","IDX2015","M","2016-11",102.4,
"CHN","CPI","TOT","IDX2015","M","2016-12",102.6,
"CHN","CPI","TOT","IDX2015","M","2017-01",103.7,
"CHN","CPI","TOT","IDX2015","M","2017-02",103.5,
"CHN","CPI","TOT","IDX2015","M","2017-03",103.2,
"CHN","CPI","TOT","IDX2015","M","2017-04",103.2,
"CHN","CPI","TOT","IDX2015","M","2017-05",103.3,
"CHN","CPI","TOT","IDX2015","M","2017-06",103.1,
"CHN","CPI","TOT","IDX2015","M","2017-07",103,
"CHN","CPI","TOT","IDX2015","M","2017-08",103.5,
"CHN","CPI","TOT","IDX2015","M","2017-09",104.1,
"CHN","CPI","TOT","IDX2015","M","2017-10",104.2,
"CHN","CPI","TOT","IDX2015","M","2017-11",104.2,
"CHN","CPI","TOT","IDX2015","M","2017-12",104.5,
"CHN","CPI","TOT","IDX2015","M","2018-01",105.2,
"CHN","CPI","TOT","IDX2015","M","2018-02",106.5,
"CHN","CPI","TOT","IDX2015","M","2018-03",105.3,
"CHN","CPI","TOT","IDX2015","M","2018-04",105.1,
"CHN","CPI","TOT","IDX2015","M","2018-05",104.9,
"CHN","CPI","TOT","IDX2015","M","2018-06",104.9,
"CHN","CPI","TOT","IDX2015","M","2018-07",105.2,
"CHN","CPI","TOT","IDX2015","M","2018-08",105.9,
"CHN","CPI","TOT","IDX2015","M","2018-09",106.6,
"CHN","CPI","TOT","IDX2015","M","2018-10",106.8,
"CHN","CPI","TOT","IDX2015","M","2018-11",106.4,
"CHN","CPI","TOT","IDX2015","M","2018-12",106.5,
"CHN","CPI","TOT","IDX2015","M","2019-01",107,
"CHN","CPI","TOT","IDX2015","M","2019-02",108.1,
"CHN","CPI","TOT","IDX2015","M","2019-03",107.7,
"CHN","CPI","TOT","IDX2015","M","2019-04",107.8,
"CHN","CPI","TOT","IDX2015","M","2019-05",107.8,
"CHN","CPI","TOT","IDX2015","M","2019-06",107.7,
"CHN","CPI","TOT","IDX2015","M","2019-07",108.1,
"CHN","CPI","TOT","IDX2015","M","2019-08",108.9,
"CHN","CPI","TOT","IDX2015","M","2019-09",109.8,
"CHN","CPI","TOT","IDX2015","M","2019-10",110.8,
"CHN","CPI","TOT","IDX2015","M","2019-11",111.2,
"CHN","CPI","TOT","IDX2015","M","2019-12",111.2,
"CHN","CPI","TOT","IDX2015","M","2020-01",112.8,
"CHN","CPI","TOT","IDX2015","M","2020-02",113.7,
"CHN","CPI","TOT","IDX2015","M","2020-03",112.3,
"CHN","CPI","TOT","IDX2015","M","2020-04",111.3,
"CHN","CPI","TOT","IDX2015","M","2020-05",110.4,
"CHN","CPI","TOT","IDX2015","M","2020-06",110.4,
"CHN","CPI","TOT","IDX2015","M","2020-07",110,
"CHN","CPI","TOT","IDX2015","M","2020-08",111.5,
"CHN","CPI","TOT","IDX2015","M","2020-09",111.7,
"CHN","CPI","TOT","IDX2015","M","2020-10",111.4,
"CHN","CPI","TOT","IDX2015","M","2020-11",110.7,
"CHN","CPI","TOT","IDX2015","M","2020-12",111.5,
"CHN","CPI","TOT","IDX2015","M","2021-01",112.55,
"CHN","CPI","TOT","IDX2015","M","2021-02",113.2193,
"CHN","CPI","TOT","IDX2015","M","2021-03",112.6615,
"CHN","CPI","TOT","IDX2015","M","2021-04",112.3269,
"CHN","CPI","TOT","IDX2015","M","2021-05",112.2154,
"CHN","CPI","TOT","IDX2015","M","2021-06",111.7692,
"CHN","CPI","TOT","IDX2015","M","2021-07",112.1038,
"CHN","CPI","TOT","IDX2015","M","2021-08",112.2154,
"CHN","CPI","TOT","IDX2015","M","2021-09",112.2154,
"CHN","CPI","TOT","IDX2015","M","2021-10",112.9962,
"CHN","CPI","TOT","IDX2015","M","2021-11",113.4424,
"CHN","CPI","TOT","IDX2015","M","2021-12",113.1077,
"CHN","CPI","TOT","IDX2015","M","2022-01",113.6655,
"CHN","CPI","TOT","IDX2015","M","2022-02",114.3347,
"CHN","CPI","TOT","IDX2015","M","2022-03",114.3347,
"CHN","CPI","TOT","IDX2015","M","2022-04",114.7809,
"CHN","CPI","TOT","IDX2015","M","2022-05",114.5578,
"CHN","CPI","TOT","IDX2015","M","2022-06",114.5578,
"CHN","CPI","TOT","IDX2015","M","2022-07",115.1156,
"CHN","CPI","TOT","IDX2015","M","2022-08",115.004,
"CHN","CPI","TOT","IDX2015","M","2022-09",115.3387,
"CHN","CPI","TOT","IDX2015","M","2022-10",115.4502,
"CHN","CPI","TOT","IDX2015","M","2022-11",115.2271,
"CHN","CPI","TOT","IDX2015","M","2022-12",115.1156,
"CHN","CPI","TOT","IDX2015","M","2023-01",116.0079,
"CHN","CPI","TOT","IDX2015","M","2023-02",115.4502,
"OECD","CPI","TOT","IDX2015","M","2000-01",69.84923,
"OECD","CPI","TOT","IDX2015","M","2000-02",70.18057,
"OECD","CPI","TOT","IDX2015","M","2000-03",70.60825,
"OECD","CPI","TOT","IDX2015","M","2000-04",70.74403,
"OECD","CPI","TOT","IDX2015","M","2000-05",70.88701,
"OECD","CPI","TOT","IDX2015","M","2000-06",71.1497,
"OECD","CPI","TOT","IDX2015","M","2000-07",71.32846,
"OECD","CPI","TOT","IDX2015","M","2000-08",71.42011,
"OECD","CPI","TOT","IDX2015","M","2000-09",71.79326,
"OECD","CPI","TOT","IDX2015","M","2000-10",71.96194,
"OECD","CPI","TOT","IDX2015","M","2000-11",72.11374,
"OECD","CPI","TOT","IDX2015","M","2000-12",72.24744,
"OECD","CPI","TOT","IDX2015","M","2001-01",72.48976,
"OECD","CPI","TOT","IDX2015","M","2001-02",72.74463,
"OECD","CPI","TOT","IDX2015","M","2001-03",73.03504,
"OECD","CPI","TOT","IDX2015","M","2001-04",73.528,
"OECD","CPI","TOT","IDX2015","M","2001-05",73.9165,
"OECD","CPI","TOT","IDX2015","M","2001-06",74.06184,
"OECD","CPI","TOT","IDX2015","M","2001-07",73.96215,
"OECD","CPI","TOT","IDX2015","M","2001-08",74.07836,
"OECD","CPI","TOT","IDX2015","M","2001-09",74.4158,
"OECD","CPI","TOT","IDX2015","M","2001-10",74.46796,
"OECD","CPI","TOT","IDX2015","M","2001-11",74.44919,
"OECD","CPI","TOT","IDX2015","M","2001-12",74.49683,
"OECD","CPI","TOT","IDX2015","M","2002-01",74.75101,
"OECD","CPI","TOT","IDX2015","M","2002-02",74.95,
"OECD","CPI","TOT","IDX2015","M","2002-03",75.31107,
"OECD","CPI","TOT","IDX2015","M","2002-04",75.70244,
"OECD","CPI","TOT","IDX2015","M","2002-05",75.80968,
"OECD","CPI","TOT","IDX2015","M","2002-06",75.84135,
"OECD","CPI","TOT","IDX2015","M","2002-07",75.863,
"OECD","CPI","TOT","IDX2015","M","2002-08",76.08315,
"OECD","CPI","TOT","IDX2015","M","2002-09",76.29842,
"OECD","CPI","TOT","IDX2015","M","2002-10",76.47862,
"OECD","CPI","TOT","IDX2015","M","2002-11",76.5607,
"OECD","CPI","TOT","IDX2015","M","2002-12",76.62735,
"OECD","CPI","TOT","IDX2015","M","2003-01",76.87283,
"OECD","CPI","TOT","IDX2015","M","2003-02",77.26712,
"OECD","CPI","TOT","IDX2015","M","2003-03",77.67756,
"OECD","CPI","TOT","IDX2015","M","2003-04",77.67619,
"OECD","CPI","TOT","IDX2015","M","2003-05",77.63634,
"OECD","CPI","TOT","IDX2015","M","2003-06",77.663,
"OECD","CPI","TOT","IDX2015","M","2003-07",77.65428,
"OECD","CPI","TOT","IDX2015","M","2003-08",77.86398,
"OECD","CPI","TOT","IDX2015","M","2003-09",78.112,
"OECD","CPI","TOT","IDX2015","M","2003-10",78.15361,
"OECD","CPI","TOT","IDX2015","M","2003-11",78.10173,
"OECD","CPI","TOT","IDX2015","M","2003-12",78.17796,
"OECD","CPI","TOT","IDX2015","M","2004-01",78.36835,
"OECD","CPI","TOT","IDX2015","M","2004-02",78.65785,
"OECD","CPI","TOT","IDX2015","M","2004-03",79.05125,
"OECD","CPI","TOT","IDX2015","M","2004-04",79.30544,
"OECD","CPI","TOT","IDX2015","M","2004-05",79.62767,
"OECD","CPI","TOT","IDX2015","M","2004-06",79.77403,
"OECD","CPI","TOT","IDX2015","M","2004-07",79.69022,
"OECD","CPI","TOT","IDX2015","M","2004-08",79.80743,
"OECD","CPI","TOT","IDX2015","M","2004-09",79.97405,
"OECD","CPI","TOT","IDX2015","M","2004-10",80.34512,
"OECD","CPI","TOT","IDX2015","M","2004-11",80.40601,
"OECD","CPI","TOT","IDX2015","M","2004-12",80.34293,
"OECD","CPI","TOT","IDX2015","M","2005-01",80.34164,
"OECD","CPI","TOT","IDX2015","M","2005-02",80.63913,
"OECD","CPI","TOT","IDX2015","M","2005-03",81.11266,
"OECD","CPI","TOT","IDX2015","M","2005-04",81.47861,
"OECD","CPI","TOT","IDX2015","M","2005-05",81.52795,
"OECD","CPI","TOT","IDX2015","M","2005-06",81.53377,
"OECD","CPI","TOT","IDX2015","M","2005-07",81.72674,
"OECD","CPI","TOT","IDX2015","M","2005-08",81.99467,
"OECD","CPI","TOT","IDX2015","M","2005-09",82.59097,
"OECD","CPI","TOT","IDX2015","M","2005-10",82.76227,
"OECD","CPI","TOT","IDX2015","M","2005-11",82.46546,
"OECD","CPI","TOT","IDX2015","M","2005-12",82.43536,
"OECD","CPI","TOT","IDX2015","M","2006-01",82.73048,
"OECD","CPI","TOT","IDX2015","M","2006-02",82.87118,
"OECD","CPI","TOT","IDX2015","M","2006-03",83.20964,
"OECD","CPI","TOT","IDX2015","M","2006-04",83.75192,
"OECD","CPI","TOT","IDX2015","M","2006-05",84.07204,
"OECD","CPI","TOT","IDX2015","M","2006-06",84.17184,
"OECD","CPI","TOT","IDX2015","M","2006-07",84.31089,
"OECD","CPI","TOT","IDX2015","M","2006-08",84.51014,
"OECD","CPI","TOT","IDX2015","M","2006-09",84.39236,
"OECD","CPI","TOT","IDX2015","M","2006-10",84.21768,
"OECD","CPI","TOT","IDX2015","M","2006-11",84.19469,
"OECD","CPI","TOT","IDX2015","M","2006-12",84.37849,
"OECD","CPI","TOT","IDX2015","M","2007-01",84.45865,
"OECD","CPI","TOT","IDX2015","M","2007-02",84.74538,
"OECD","CPI","TOT","IDX2015","M","2007-03",85.29411,
"OECD","CPI","TOT","IDX2015","M","2007-04",85.77529,
"OECD","CPI","TOT","IDX2015","M","2007-05",86.08602,
"OECD","CPI","TOT","IDX2015","M","2007-06",86.17254,
"OECD","CPI","TOT","IDX2015","M","2007-07",86.15973,
"OECD","CPI","TOT","IDX2015","M","2007-08",86.18101,
"OECD","CPI","TOT","IDX2015","M","2007-09",86.43021,
"OECD","CPI","TOT","IDX2015","M","2007-10",86.71831,
"OECD","CPI","TOT","IDX2015","M","2007-11",87.15377,
"OECD","CPI","TOT","IDX2015","M","2007-12",87.29448,
"OECD","CPI","TOT","IDX2015","M","2008-01",87.51798,
"OECD","CPI","TOT","IDX2015","M","2008-02",87.78567,
"OECD","CPI","TOT","IDX2015","M","2008-03",88.41003,
"OECD","CPI","TOT","IDX2015","M","2008-04",88.85319,
"OECD","CPI","TOT","IDX2015","M","2008-05",89.4924,
"OECD","CPI","TOT","IDX2015","M","2008-06",90.06982,
"OECD","CPI","TOT","IDX2015","M","2008-07",90.40623,
"OECD","CPI","TOT","IDX2015","M","2008-08",90.29716,
"OECD","CPI","TOT","IDX2015","M","2008-09",90.33886,
"OECD","CPI","TOT","IDX2015","M","2008-10",90.0059,
"OECD","CPI","TOT","IDX2015","M","2008-11",89.17077,
"OECD","CPI","TOT","IDX2015","M","2008-12",88.70562,
"OECD","CPI","TOT","IDX2015","M","2009-01",88.71652,
"OECD","CPI","TOT","IDX2015","M","2009-02",89.03111,
"OECD","CPI","TOT","IDX2015","M","2009-03",89.26711,
"OECD","CPI","TOT","IDX2015","M","2009-04",89.48391,
"OECD","CPI","TOT","IDX2015","M","2009-05",89.63877,
"OECD","CPI","TOT","IDX2015","M","2009-06",90.00409,
"OECD","CPI","TOT","IDX2015","M","2009-07",89.87212,
"OECD","CPI","TOT","IDX2015","M","2009-08",90.0583,
"OECD","CPI","TOT","IDX2015","M","2009-09",90.09525,
"OECD","CPI","TOT","IDX2015","M","2009-10",90.19865,
"OECD","CPI","TOT","IDX2015","M","2009-11",90.3119,
"OECD","CPI","TOT","IDX2015","M","2009-12",90.33375,
"OECD","CPI","TOT","IDX2015","M","2010-01",90.533,
"OECD","CPI","TOT","IDX2015","M","2010-02",90.70504,
"OECD","CPI","TOT","IDX2015","M","2010-03",91.09549,
"OECD","CPI","TOT","IDX2015","M","2010-04",91.33246,
"OECD","CPI","TOT","IDX2015","M","2010-05",91.38248,
"OECD","CPI","TOT","IDX2015","M","2010-06",91.31865,
"OECD","CPI","TOT","IDX2015","M","2010-07",91.28828,
"OECD","CPI","TOT","IDX2015","M","2010-08",91.42254,
"OECD","CPI","TOT","IDX2015","M","2010-09",91.56375,
"OECD","CPI","TOT","IDX2015","M","2010-10",91.80493,
"OECD","CPI","TOT","IDX2015","M","2010-11",91.86983,
"OECD","CPI","TOT","IDX2015","M","2010-12",92.11076,
"OECD","CPI","TOT","IDX2015","M","2011-01",92.38384,
"OECD","CPI","TOT","IDX2015","M","2011-02",92.76116,
"OECD","CPI","TOT","IDX2015","M","2011-03",93.42654,
"OECD","CPI","TOT","IDX2015","M","2011-04",93.88223,
"OECD","CPI","TOT","IDX2015","M","2011-05",94.15968,
"OECD","CPI","TOT","IDX2015","M","2011-06",94.05962,
"OECD","CPI","TOT","IDX2015","M","2011-07",94.09867,
"OECD","CPI","TOT","IDX2015","M","2011-08",94.31544,
"OECD","CPI","TOT","IDX2015","M","2011-09",94.50873,
"OECD","CPI","TOT","IDX2015","M","2011-10",94.63344,
"OECD","CPI","TOT","IDX2015","M","2011-11",94.69883,
"OECD","CPI","TOT","IDX2015","M","2011-12",94.73661,
"OECD","CPI","TOT","IDX2015","M","2012-01",94.96375,
"OECD","CPI","TOT","IDX2015","M","2012-02",95.34895,
"OECD","CPI","TOT","IDX2015","M","2012-03",95.89903,
"OECD","CPI","TOT","IDX2015","M","2012-04",96.1949,
"OECD","CPI","TOT","IDX2015","M","2012-05",96.10316,
"OECD","CPI","TOT","IDX2015","M","2012-06",95.94125,
"OECD","CPI","TOT","IDX2015","M","2012-07",95.86952,
"OECD","CPI","TOT","IDX2015","M","2012-08",96.25626,
"OECD","CPI","TOT","IDX2015","M","2012-09",96.60021,
"OECD","CPI","TOT","IDX2015","M","2012-10",96.74899,
"OECD","CPI","TOT","IDX2015","M","2012-11",96.53417,
"OECD","CPI","TOT","IDX2015","M","2012-12",96.50066,
"OECD","CPI","TOT","IDX2015","M","2013-01",96.60458,
"OECD","CPI","TOT","IDX2015","M","2013-02",97.08099,
"OECD","CPI","TOT","IDX2015","M","2013-03",97.41135,
"OECD","CPI","TOT","IDX2015","M","2013-04",97.4138,
"OECD","CPI","TOT","IDX2015","M","2013-05",97.53905,
"OECD","CPI","TOT","IDX2015","M","2013-06",97.6752,
"OECD","CPI","TOT","IDX2015","M","2013-07",97.75486,
"OECD","CPI","TOT","IDX2015","M","2013-08",97.89391,
"OECD","CPI","TOT","IDX2015","M","2013-09",98.04589,
"OECD","CPI","TOT","IDX2015","M","2013-10",98.00974,
"OECD","CPI","TOT","IDX2015","M","2013-11",97.94827,
"OECD","CPI","TOT","IDX2015","M","2013-12",98.08009,
"OECD","CPI","TOT","IDX2015","M","2014-01",98.20401,
"OECD","CPI","TOT","IDX2015","M","2014-02",98.49358,
"OECD","CPI","TOT","IDX2015","M","2014-03",98.95058,
"OECD","CPI","TOT","IDX2015","M","2014-04",99.39272,
"OECD","CPI","TOT","IDX2015","M","2014-05",99.58134,
"OECD","CPI","TOT","IDX2015","M","2014-06",99.69785,
"OECD","CPI","TOT","IDX2015","M","2014-07",99.68525,
"OECD","CPI","TOT","IDX2015","M","2014-08",99.68981,
"OECD","CPI","TOT","IDX2015","M","2014-09",99.7701,
"OECD","CPI","TOT","IDX2015","M","2014-10",99.73228,
"OECD","CPI","TOT","IDX2015","M","2014-11",99.46248,
"OECD","CPI","TOT","IDX2015","M","2014-12",99.19141,
"OECD","CPI","TOT","IDX2015","M","2015-01",98.77998,
"OECD","CPI","TOT","IDX2015","M","2015-02",99.13104,
"OECD","CPI","TOT","IDX2015","M","2015-03",99.63363,
"OECD","CPI","TOT","IDX2015","M","2015-04",99.94296,
"OECD","CPI","TOT","IDX2015","M","2015-05",100.2675,
"OECD","CPI","TOT","IDX2015","M","2015-06",100.3979,
"OECD","CPI","TOT","IDX2015","M","2015-07",100.3647,
"OECD","CPI","TOT","IDX2015","M","2015-08",100.3572,
"OECD","CPI","TOT","IDX2015","M","2015-09",100.3013,
"OECD","CPI","TOT","IDX2015","M","2015-10",100.4154,
"OECD","CPI","TOT","IDX2015","M","2015-11",100.2621,
"OECD","CPI","TOT","IDX2015","M","2015-12",100.1463,
"OECD","CPI","TOT","IDX2015","M","2016-01",100.0505,
"OECD","CPI","TOT","IDX2015","M","2016-02",100.1828,
"OECD","CPI","TOT","IDX2015","M","2016-03",100.5687,
"OECD","CPI","TOT","IDX2015","M","2016-04",100.8898,
"OECD","CPI","TOT","IDX2015","M","2016-05",101.189,
"OECD","CPI","TOT","IDX2015","M","2016-06",101.4068,
"OECD","CPI","TOT","IDX2015","M","2016-07",101.3611,
"OECD","CPI","TOT","IDX2015","M","2016-08",101.4182,
"OECD","CPI","TOT","IDX2015","M","2016-09",101.5898,
"OECD","CPI","TOT","IDX2015","M","2016-10",101.8733,
"OECD","CPI","TOT","IDX2015","M","2016-11",101.8082,
"OECD","CPI","TOT","IDX2015","M","2016-12",102.0261,
"OECD","CPI","TOT","IDX2015","M","2017-01",102.4103,
"OECD","CPI","TOT","IDX2015","M","2017-02",102.7383,
"OECD","CPI","TOT","IDX2015","M","2017-03",102.9404,
"OECD","CPI","TOT","IDX2015","M","2017-04",103.3076,
"OECD","CPI","TOT","IDX2015","M","2017-05",103.3748,
"OECD","CPI","TOT","IDX2015","M","2017-06",103.4064,
"OECD","CPI","TOT","IDX2015","M","2017-07",103.3953,
"OECD","CPI","TOT","IDX2015","M","2017-08",103.6701,
"OECD","CPI","TOT","IDX2015","M","2017-09",104.0058,
"OECD","CPI","TOT","IDX2015","M","2017-10",104.1389,
"OECD","CPI","TOT","IDX2015","M","2017-11",104.2637,
"OECD","CPI","TOT","IDX2015","M","2017-12",104.4179,
"OECD","CPI","TOT","IDX2015","M","2018-01",104.658,
"OECD","CPI","TOT","IDX2015","M","2018-02",105.0097,
"OECD","CPI","TOT","IDX2015","M","2018-03",105.2923,
"OECD","CPI","TOT","IDX2015","M","2018-04",105.6559,
"OECD","CPI","TOT","IDX2015","M","2018-05",106.0753,
"OECD","CPI","TOT","IDX2015","M","2018-06",106.2915,
"OECD","CPI","TOT","IDX2015","M","2018-07",106.3817,
"OECD","CPI","TOT","IDX2015","M","2018-08",106.6735,
"OECD","CPI","TOT","IDX2015","M","2018-09",107.036,
"OECD","CPI","TOT","IDX2015","M","2018-10",107.3775,
"OECD","CPI","TOT","IDX2015","M","2018-11",107.0857,
"OECD","CPI","TOT","IDX2015","M","2018-12",106.9152,
"OECD","CPI","TOT","IDX2015","M","2019-01",106.8684,
"OECD","CPI","TOT","IDX2015","M","2019-02",107.2075,
"OECD","CPI","TOT","IDX2015","M","2019-03",107.6953,
"OECD","CPI","TOT","IDX2015","M","2019-04",108.2826,
"OECD","CPI","TOT","IDX2015","M","2019-05",108.4789,
"OECD","CPI","TOT","IDX2015","M","2019-06",108.5057,
"OECD","CPI","TOT","IDX2015","M","2019-07",108.678,
"OECD","CPI","TOT","IDX2015","M","2019-08",108.7672,
"OECD","CPI","TOT","IDX2015","M","2019-09",108.8335,
"OECD","CPI","TOT","IDX2015","M","2019-10",109.1496,
"OECD","CPI","TOT","IDX2015","M","2019-11",109.1168,
"OECD","CPI","TOT","IDX2015","M","2019-12",109.2336,
"OECD","CPI","TOT","IDX2015","M","2020-01",109.4099,
"OECD","CPI","TOT","IDX2015","M","2020-02",109.6388,
"OECD","CPI","TOT","IDX2015","M","2020-03",109.5826,
"OECD","CPI","TOT","IDX2015","M","2020-04",109.1983,
"OECD","CPI","TOT","IDX2015","M","2020-05",109.2434,
"OECD","CPI","TOT","IDX2015","M","2020-06",109.6477,
"OECD","CPI","TOT","IDX2015","M","2020-07",109.9209,
"OECD","CPI","TOT","IDX2015","M","2020-08",110.102,
"OECD","CPI","TOT","IDX2015","M","2020-09",110.2044,
"OECD","CPI","TOT","IDX2015","M","2020-10",110.4022,
"OECD","CPI","TOT","IDX2015","M","2020-11",110.4074,
"OECD","CPI","TOT","IDX2015","M","2020-12",110.5779,
"OECD","CPI","TOT","IDX2015","M","2021-01",111.1341,
"OECD","CPI","TOT","IDX2015","M","2021-02",111.5754,
"OECD","CPI","TOT","IDX2015","M","2021-03",112.2202,
"OECD","CPI","TOT","IDX2015","M","2021-04",112.8453,
"OECD","CPI","TOT","IDX2015","M","2021-05",113.4309,
"OECD","CPI","TOT","IDX2015","M","2021-06",114.0894,
"OECD","CPI","TOT","IDX2015","M","2021-07",114.5788,
"OECD","CPI","TOT","IDX2015","M","2021-08",114.9006,
"OECD","CPI","TOT","IDX2015","M","2021-09",115.2836,
"OECD","CPI","TOT","IDX2015","M","2021-10",116.1814,
"OECD","CPI","TOT","IDX2015","M","2021-11",116.857,
"OECD","CPI","TOT","IDX2015","M","2021-12",117.7992,
"OECD","CPI","TOT","IDX2015","M","2022-01",119.0943,
"OECD","CPI","TOT","IDX2015","M","2022-02",120.223,
"OECD","CPI","TOT","IDX2015","M","2022-03",122.0275,
"OECD","CPI","TOT","IDX2015","M","2022-04",123.2153,
"OECD","CPI","TOT","IDX2015","M","2022-05",124.4234,
"OECD","CPI","TOT","IDX2015","M","2022-06",125.8738,
"OECD","CPI","TOT","IDX2015","M","2022-07",126.3826,
"OECD","CPI","TOT","IDX2015","M","2022-08",126.7508,
"OECD","CPI","TOT","IDX2015","M","2022-09",127.4679,
"OECD","CPI","TOT","IDX2015","M","2022-10",128.6014,
"OECD","CPI","TOT","IDX2015","M","2022-11",128.8914,
"OECD","CPI","TOT","IDX2015","M","2022-12",128.8837,
"OECD","CPI","TOT","IDX2015","M","2023-01",130.0167,
